{"cameraMode":{"drawMode":0,"name":"Shaded","section":"Shading Mode"},"sceneLighting":false,"audioPlay":false,"sceneViewState":{"showFog":true,"showMaterialUpdate":false,"showSkybox":false,"showFlares":true,"showImageEffects":true,"showParticleSystems":true},"in2DMode":false,"pivot":{"x":-0.5081294178962708,"y":-4.761831760406494,"z":-22.15264892578125},"rotation":{"x":-0.17424117028713227,"y":-0.6429071426391602,"z":0.1534460037946701,"w":-0.7299345135688782},"size":15.62429141998291,"orthographic":false}